device,ip,timestamp,host
192.168.1.5,104.25.148.25,2018-08-30T15:12:14.786Z,"Cloudflare, Inc. (CLOUD14)"
192.168.1.5,104.25.148.25,2018-08-30T15:12:14.812Z,"Cloudflare, Inc. (CLOUD14)"
192.168.1.5,104.25.148.25,2018-08-30T15:12:14.814Z,"Cloudflare, Inc. (CLOUD14)"
192.168.1.5,104.25.148.25,2018-08-30T15:12:14.838Z,"Cloudflare, Inc. (CLOUD14)"
192.168.1.5,104.25.148.25,2018-08-30T15:12:14.838Z,"Cloudflare, Inc. (CLOUD14)"
192.168.1.5,104.25.148.25,2018-08-30T15:12:14.838Z,"Cloudflare, Inc. (CLOUD14)"
192.168.1.5,172.217.7.4,2018-08-30T15:12:16.257Z,Google LLC (GOGL)
192.168.1.5,172.217.7.4,2018-08-30T15:12:16.258Z,Google LLC (GOGL)
192.168.1.5,172.217.7.4,2018-08-30T15:12:16.294Z,Google LLC (GOGL)
192.168.1.5,172.217.7.4,2018-08-30T15:12:16.296Z,Google LLC (GOGL)
192.168.1.5,172.217.7.4,2018-08-30T15:12:16.299Z,Google LLC (GOGL)
192.168.1.5,172.217.7.4,2018-08-30T15:12:16.299Z,Google LLC (GOGL)
192.168.1.5,172.217.7.4,2018-08-30T15:12:16.356Z,Google LLC (GOGL)
192.168.1.5,172.217.7.4,2018-08-30T15:12:16.357Z,Google LLC (GOGL)
192.168.1.5,172.217.7.4,2018-08-30T15:12:16.370Z,Google LLC (GOGL)
192.168.1.5,172.217.7.4,2018-08-30T15:12:16.477Z,Google LLC (GOGL)
192.168.1.5,172.217.7.4,2018-08-30T15:12:16.497Z,Google LLC (GOGL)
192.168.1.5,172.217.7.4,2018-08-30T15:12:16.543Z,Google LLC (GOGL)
192.168.1.5,172.217.7.4,2018-08-30T15:12:16.619Z,Google LLC (GOGL)
192.168.1.5,172.217.7.4,2018-08-30T15:12:16.620Z,Google LLC (GOGL)
192.168.1.5,172.217.7.4,2018-08-30T15:12:16.620Z,Google LLC (GOGL)
192.168.1.5,172.217.7.4,2018-08-30T15:12:16.620Z,Google LLC (GOGL)
192.168.1.5,172.217.7.4,2018-08-30T15:12:16.620Z,Google LLC (GOGL)
192.168.1.5,172.217.7.4,2018-08-30T15:12:16.622Z,Google LLC (GOGL)
192.168.1.5,172.217.7.4,2018-08-30T15:12:16.622Z,Google LLC (GOGL)
192.168.1.5,172.217.7.4,2018-08-30T15:12:16.622Z,Google LLC (GOGL)
192.168.1.5,172.217.7.4,2018-08-30T15:12:16.625Z,Google LLC (GOGL)
192.168.1.5,172.217.7.4,2018-08-30T15:12:16.626Z,Google LLC (GOGL)
192.168.1.5,172.217.7.4,2018-08-30T15:12:16.629Z,Google LLC (GOGL)
192.168.1.5,172.217.7.4,2018-08-30T15:12:16.629Z,Google LLC (GOGL)
192.168.1.5,172.217.7.4,2018-08-30T15:12:16.630Z,Google LLC (GOGL)
192.168.1.5,172.217.7.4,2018-08-30T15:12:16.630Z,Google LLC (GOGL)
192.168.1.5,172.217.7.4,2018-08-30T15:12:16.630Z,Google LLC (GOGL)
192.168.1.5,172.217.7.4,2018-08-30T15:12:16.630Z,Google LLC (GOGL)
192.168.1.5,172.217.7.4,2018-08-30T15:12:16.630Z,Google LLC (GOGL)
192.168.1.5,172.217.7.4,2018-08-30T15:12:16.632Z,Google LLC (GOGL)
192.168.1.5,172.217.7.4,2018-08-30T15:12:16.633Z,Google LLC (GOGL)
192.168.1.5,172.217.7.4,2018-08-30T15:12:16.633Z,Google LLC (GOGL)
192.168.1.5,172.217.7.4,2018-08-30T15:12:16.634Z,Google LLC (GOGL)
192.168.1.5,172.217.7.4,2018-08-30T15:12:16.638Z,Google LLC (GOGL)
192.168.1.5,172.217.7.4,2018-08-30T15:12:16.640Z,Google LLC (GOGL)
192.168.1.5,172.217.7.4,2018-08-30T15:12:16.641Z,Google LLC (GOGL)
192.168.1.5,172.217.7.4,2018-08-30T15:12:16.642Z,Google LLC (GOGL)
192.168.1.5,172.217.7.4,2018-08-30T15:12:16.643Z,Google LLC (GOGL)
192.168.1.5,172.217.7.4,2018-08-30T15:12:16.643Z,Google LLC (GOGL)
192.168.1.5,172.217.7.4,2018-08-30T15:12:17.043Z,Google LLC (GOGL)
192.168.1.5,172.217.7.4,2018-08-30T15:12:17.185Z,Google LLC (GOGL)
192.168.1.5,172.217.7.4,2018-08-30T15:12:17.247Z,Google LLC (GOGL)
192.168.1.5,172.217.7.4,2018-08-30T15:12:17.279Z,Google LLC (GOGL)
192.168.1.5,172.217.7.4,2018-08-30T15:12:17.310Z,Google LLC (GOGL)
192.168.1.5,172.217.7.4,2018-08-30T15:12:17.335Z,Google LLC (GOGL)
192.168.1.5,172.217.7.4,2018-08-30T15:12:17.674Z,Google LLC (GOGL)
192.168.1.5,172.217.7.4,2018-08-30T15:12:17.783Z,Google LLC (GOGL)
192.168.1.5,172.217.7.4,2018-08-30T15:12:17.783Z,Google LLC (GOGL)
192.168.1.5,172.217.7.4,2018-08-30T15:12:17.783Z,Google LLC (GOGL)
192.168.1.5,172.217.7.4,2018-08-30T15:12:17.784Z,Google LLC (GOGL)
192.168.1.5,172.217.7.4,2018-08-30T15:12:17.784Z,Google LLC (GOGL)
192.168.1.5,172.217.7.4,2018-08-30T15:12:17.784Z,Google LLC (GOGL)
192.168.1.5,172.217.7.4,2018-08-30T15:12:17.785Z,Google LLC (GOGL)
192.168.1.5,172.217.7.4,2018-08-30T15:12:17.785Z,Google LLC (GOGL)
192.168.1.5,172.217.7.4,2018-08-30T15:12:17.785Z,Google LLC (GOGL)
192.168.1.5,172.217.7.4,2018-08-30T15:12:17.788Z,Google LLC (GOGL)
192.168.1.5,172.217.7.4,2018-08-30T15:12:17.788Z,Google LLC (GOGL)
192.168.1.5,172.217.7.4,2018-08-30T15:12:17.788Z,Google LLC (GOGL)
192.168.1.5,172.217.7.4,2018-08-30T15:12:17.788Z,Google LLC (GOGL)
192.168.1.5,172.217.7.4,2018-08-30T15:12:17.789Z,Google LLC (GOGL)
192.168.1.5,172.217.7.4,2018-08-30T15:12:17.793Z,Google LLC (GOGL)
192.168.1.5,172.217.7.4,2018-08-30T15:12:17.796Z,Google LLC (GOGL)
192.168.1.5,172.217.7.4,2018-08-30T15:12:17.806Z,Google LLC (GOGL)
192.168.1.5,172.217.7.4,2018-08-30T15:12:17.811Z,Google LLC (GOGL)
192.168.1.5,172.217.7.4,2018-08-30T15:12:18.064Z,Google LLC (GOGL)
192.168.1.5,172.217.7.4,2018-08-30T15:12:18.118Z,Google LLC (GOGL)
192.168.1.5,172.217.7.4,2018-08-30T15:12:18.210Z,Google LLC (GOGL)
192.168.1.5,172.217.7.4,2018-08-30T15:12:18.345Z,Google LLC (GOGL)
192.168.1.5,172.217.7.4,2018-08-30T15:12:18.380Z,Google LLC (GOGL)
192.168.1.5,172.217.12.206,2018-08-30T15:12:17.382Z,Google LLC (GOGL)
192.168.1.5,172.217.12.206,2018-08-30T15:12:17.417Z,Google LLC (GOGL)
192.168.1.5,172.217.12.206,2018-08-30T15:12:17.422Z,Google LLC (GOGL)
192.168.1.5,172.217.12.206,2018-08-30T15:12:17.458Z,Google LLC (GOGL)
192.168.1.5,172.217.12.206,2018-08-30T15:12:17.458Z,Google LLC (GOGL)
192.168.1.5,172.217.12.206,2018-08-30T15:12:17.458Z,Google LLC (GOGL)
192.168.1.5,172.217.12.206,2018-08-30T15:12:17.583Z,Google LLC (GOGL)
192.168.1.5,172.217.12.206,2018-08-30T15:12:18.261Z,Google LLC (GOGL)
192.168.1.5,172.217.12.206,2018-08-30T15:12:18.374Z,Google LLC (GOGL)
192.168.1.5,151.101.65.69,2018-08-30T15:12:18.858Z,Fastly (SKYCA-3)
192.168.1.5,151.101.65.69,2018-08-30T15:12:18.886Z,Fastly (SKYCA-3)
192.168.1.5,151.101.65.69,2018-08-30T15:12:18.887Z,Fastly (SKYCA-3)
192.168.1.5,151.101.65.69,2018-08-30T15:12:18.913Z,Fastly (SKYCA-3)
192.168.1.5,151.101.65.69,2018-08-30T15:12:18.913Z,Fastly (SKYCA-3)
192.168.1.5,151.101.65.69,2018-08-30T15:12:18.914Z,Fastly (SKYCA-3)
192.168.1.5,151.101.65.69,2018-08-30T15:12:18.919Z,Fastly (SKYCA-3)
192.168.1.5,151.101.65.69,2018-08-30T15:12:18.919Z,Fastly (SKYCA-3)
192.168.1.5,151.101.65.69,2018-08-30T15:12:18.937Z,Fastly (SKYCA-3)
192.168.1.5,151.101.65.69,2018-08-30T15:12:18.940Z,Fastly (SKYCA-3)
192.168.1.5,151.101.65.69,2018-08-30T15:12:18.940Z,Fastly (SKYCA-3)
192.168.1.5,151.101.65.69,2018-08-30T15:12:18.977Z,Fastly (SKYCA-3)
192.168.1.5,151.101.65.69,2018-08-30T15:12:18.977Z,Fastly (SKYCA-3)
192.168.1.5,151.101.65.69,2018-08-30T15:12:18.977Z,Fastly (SKYCA-3)
192.168.1.5,151.101.65.69,2018-08-30T15:12:18.977Z,Fastly (SKYCA-3)
192.168.1.5,151.101.65.69,2018-08-30T15:12:18.977Z,Fastly (SKYCA-3)
192.168.1.5,151.101.65.69,2018-08-30T15:12:18.977Z,Fastly (SKYCA-3)
192.168.1.5,151.101.65.69,2018-08-30T15:12:18.978Z,Fastly (SKYCA-3)
192.168.1.5,151.101.65.69,2018-08-30T15:12:18.978Z,Fastly (SKYCA-3)
192.168.1.5,151.101.65.69,2018-08-30T15:12:18.992Z,Fastly (SKYCA-3)
192.168.1.5,151.101.65.69,2018-08-30T15:12:18.992Z,Fastly (SKYCA-3)
192.168.1.5,151.101.65.69,2018-08-30T15:12:18.993Z,Fastly (SKYCA-3)
192.168.1.5,151.101.65.69,2018-08-30T15:12:18.993Z,Fastly (SKYCA-3)
192.168.1.5,151.101.65.69,2018-08-30T15:12:18.993Z,Fastly (SKYCA-3)
192.168.1.5,151.101.65.69,2018-08-30T15:12:18.994Z,Fastly (SKYCA-3)
192.168.1.5,151.101.65.69,2018-08-30T15:12:18.997Z,Fastly (SKYCA-3)
192.168.1.5,151.101.65.69,2018-08-30T15:12:18.997Z,Fastly (SKYCA-3)
192.168.1.5,151.101.65.69,2018-08-30T15:12:18.997Z,Fastly (SKYCA-3)
192.168.1.5,151.101.65.69,2018-08-30T15:12:18.997Z,Fastly (SKYCA-3)
192.168.1.5,151.101.65.69,2018-08-30T15:12:18.997Z,Fastly (SKYCA-3)
192.168.1.5,151.101.65.69,2018-08-30T15:12:19.000Z,Fastly (SKYCA-3)
192.168.1.5,151.101.65.69,2018-08-30T15:12:19.000Z,Fastly (SKYCA-3)
192.168.1.5,151.101.65.69,2018-08-30T15:12:19.000Z,Fastly (SKYCA-3)
192.168.1.5,151.101.65.69,2018-08-30T15:12:19.007Z,Fastly (SKYCA-3)
192.168.1.5,151.101.65.69,2018-08-30T15:12:19.007Z,Fastly (SKYCA-3)
192.168.1.5,151.101.65.69,2018-08-30T15:12:19.008Z,Fastly (SKYCA-3)
192.168.1.5,151.101.65.69,2018-08-30T15:12:19.008Z,Fastly (SKYCA-3)
192.168.1.5,151.101.65.69,2018-08-30T15:12:19.008Z,Fastly (SKYCA-3)
192.168.1.5,151.101.65.69,2018-08-30T15:12:19.790Z,Fastly (SKYCA-3)
192.168.1.5,151.101.65.69,2018-08-30T15:12:19.809Z,Fastly (SKYCA-3)
192.168.1.5,151.101.65.69,2018-08-30T15:12:20.201Z,Fastly (SKYCA-3)
192.168.1.5,151.101.65.69,2018-08-30T15:12:20.218Z,Fastly (SKYCA-3)
192.168.1.5,151.101.65.69,2018-08-30T15:12:20.218Z,Fastly (SKYCA-3)
192.168.1.5,151.101.65.69,2018-08-30T15:12:20.218Z,Fastly (SKYCA-3)
192.168.1.5,151.101.65.69,2018-08-30T15:12:20.218Z,Fastly (SKYCA-3)
192.168.1.5,151.101.65.69,2018-08-30T15:12:20.218Z,Fastly (SKYCA-3)
192.168.1.5,151.101.65.69,2018-08-30T15:12:20.218Z,Fastly (SKYCA-3)
192.168.1.5,192.0.73.2,2018-08-30T15:12:19.097Z,"Automattic, Inc (AUTOM-93)"
192.168.1.5,192.0.73.2,2018-08-30T15:12:19.116Z,"Automattic, Inc (AUTOM-93)"
192.168.1.5,192.0.73.2,2018-08-30T15:12:19.118Z,"Automattic, Inc (AUTOM-93)"
192.168.1.5,192.0.73.2,2018-08-30T15:12:19.141Z,"Automattic, Inc (AUTOM-93)"
192.168.1.5,192.0.73.2,2018-08-30T15:12:19.141Z,"Automattic, Inc (AUTOM-93)"
192.168.1.5,192.0.73.2,2018-08-30T15:12:19.142Z,"Automattic, Inc (AUTOM-93)"
192.168.1.5,192.0.73.2,2018-08-30T15:12:19.144Z,"Automattic, Inc (AUTOM-93)"
192.168.1.5,192.0.73.2,2018-08-30T15:12:19.146Z,"Automattic, Inc (AUTOM-93)"
192.168.1.5,192.0.73.2,2018-08-30T15:12:19.163Z,"Automattic, Inc (AUTOM-93)"
192.168.1.5,192.0.73.2,2018-08-30T15:12:19.163Z,"Automattic, Inc (AUTOM-93)"
192.168.1.5,192.0.73.2,2018-08-30T15:12:19.163Z,"Automattic, Inc (AUTOM-93)"
192.168.1.5,192.0.73.2,2018-08-30T15:12:19.207Z,"Automattic, Inc (AUTOM-93)"
192.168.1.5,192.0.73.2,2018-08-30T15:12:19.208Z,"Automattic, Inc (AUTOM-93)"
192.168.1.5,192.0.73.2,2018-08-30T15:12:19.208Z,"Automattic, Inc (AUTOM-93)"
192.168.1.5,192.0.73.2,2018-08-30T15:12:19.208Z,"Automattic, Inc (AUTOM-93)"
192.168.1.5,192.0.73.2,2018-08-30T15:12:19.211Z,"Automattic, Inc (AUTOM-93)"
192.168.1.5,192.0.73.2,2018-08-30T15:12:19.236Z,"Automattic, Inc (AUTOM-93)"
192.168.1.5,192.0.73.2,2018-08-30T15:12:19.316Z,"Automattic, Inc (AUTOM-93)"
192.168.1.5,192.0.73.2,2018-08-30T15:12:19.316Z,"Automattic, Inc (AUTOM-93)"
192.168.1.5,192.0.73.2,2018-08-30T15:12:19.316Z,"Automattic, Inc (AUTOM-93)"
192.168.1.5,192.0.73.2,2018-08-30T15:12:19.317Z,"Automattic, Inc (AUTOM-93)"
192.168.1.5,192.0.73.2,2018-08-30T15:12:19.317Z,"Automattic, Inc (AUTOM-93)"
192.168.1.5,192.0.73.2,2018-08-30T15:12:19.326Z,"Automattic, Inc (AUTOM-93)"
192.168.1.5,192.0.73.2,2018-08-30T15:12:19.349Z,"Automattic, Inc (AUTOM-93)"
192.168.1.5,192.0.73.2,2018-08-30T15:12:19.368Z,"Automattic, Inc (AUTOM-93)"
192.168.1.5,192.0.73.2,2018-08-30T15:12:19.368Z,"Automattic, Inc (AUTOM-93)"
192.168.1.5,192.0.73.2,2018-08-30T15:12:19.368Z,"Automattic, Inc (AUTOM-93)"
192.168.1.5,192.0.73.2,2018-08-30T15:12:19.388Z,"Automattic, Inc (AUTOM-93)"
192.168.1.5,192.0.73.2,2018-08-30T15:12:19.388Z,"Automattic, Inc (AUTOM-93)"
192.168.1.5,192.0.73.2,2018-08-30T15:12:19.388Z,"Automattic, Inc (AUTOM-93)"
192.168.1.5,192.0.73.2,2018-08-30T15:12:19.388Z,"Automattic, Inc (AUTOM-93)"
192.168.1.5,192.0.73.2,2018-08-30T15:12:19.388Z,"Automattic, Inc (AUTOM-93)"
192.168.1.5,192.0.73.2,2018-08-30T15:12:19.388Z,"Automattic, Inc (AUTOM-93)"
